,A,B,C,D
2000-01-01,0.006537103952098723,0.6046312068121594,-0.22175836901043997,1.3335629770181148
2000-01-02,1.1433462922015512,-1.7198001802156773,-1.0141315614788606,2.6986538809979006
2000-01-03,1.2102091643363606,-1.1925150003934062,-0.15272081162066975,2.6314194287742945
2000-01-04,1.8509515295654944,-1.1153652258790323,1.052885927341126,2.418374633033142
2000-01-05,1.2649106587379237,1.438899452915538,1.3176867876797207,1.4120501048418488
2000-01-06,0.6775528150651827,1.3916567014135088,1.3507858216487174,1.3647237288803602
2000-01-07,0.4858652719381683,0.8625241673025837,2.441316464061318,1.4122912433102184
2000-01-08,1.5441922339594694,2.0250941470856523,4.8621171386905395,2.3617855733050046
2000-01-09,-0.5301233366797895,1.7118851645117192,2.994445503273651,0.8764828087442598
2000-01-10,-0.9550060004385965,0.3297026968570693,2.935395880868359,2.830649428317594
2000-01-11,-0.06588280144213199,0.5098695185823018,2.0630994649322756,2.0291906533954607
2000-01-12,-0.8359318180355496,-0.2682398877319031,2.3888067706502105,1.872920752456831
2000-01-13,0.10086165239933687,-0.19469137582731627,2.0141866025840605,1.5510659309632593
2000-01-14,-0.0581104755952348,-0.6720638614847989,2.848793955199717,2.5600014991439712
2000-01-15,0.1266709088486747,0.010339085616561716,3.406293995776446,3.5877946550220723
2000-01-16,0.6041269538502643,-0.8121449518098468,4.16961977306436,2.757577634220511
2000-01-17,-0.5626886276754355,-0.9666795098237551,5.195990682611067,2.4354963301527635
2000-01-18,-0.8907886587412435,0.018357689564777124,3.9225921361646092,1.232482384126509
2000-01-19,-0.5178023672340204,0.6768346044594774,4.540511956984595,0.8188488870187773
2000-01-20,0.25911727933640993,2.839101567781802,6.252233312139185,1.972839239803374
2000-01-21,2.2511112359965,6.111442212644179,4.434976073331569,1.3097581137381726
2000-01-22,2.275382477496737,6.62289791233694,4.542538198649928,1.131263792755737
2000-01-23,2.075775988298531,6.7329731034445,6.488453458071787,0.7534111960806347
2000-01-24,3.266146204251408,6.207970984550619,4.647033075757575,0.27733911409218204
2000-01-25,1.8342075475792883,4.35553393452922,3.105806089397212,0.9385211948506487
2000-01-26,0.8543003442741204,4.429471002680773,1.7702583386825799,0.9752311339917674
2000-01-27,-0.06876096680871013,1.796993090204793,1.650757706602381,0.59112746649326
2000-01-28,0.5343303324083537,0.7786260280421522,3.3042074756208955,2.0930193448390932
2000-01-29,0.050847364928951144,-0.2547291935833196,3.5792850920943087,0.5613253562798919
2000-01-30,1.5238255397637848,-0.21517427268261627,2.1511745726083054,0.5472391615005495
2000-01-31,1.8429136499411023,1.995359494121514,3.3723872875955134,-1.0416594692674321
2000-02-01,2.0575767170752144,1.8285638797157082,3.507546369303795,-0.2949536141293473
2000-02-02,1.195599280915285,1.384814129220631,4.205912974508203,-1.5231716261011132
2000-02-03,0.7285997389515873,3.4362398422911853,3.838944330404813,-2.0320087568608605
2000-02-04,-1.4062402240310135,4.748200102435131,2.2900940011156656,-1.6919548495568908
2000-02-05,-2.4848473448777924,4.824321223887451,2.41628121793911,0.1390232838485419
2000-02-06,-2.1432373763471673,4.1934357734178835,2.1864297994409356,0.012255997125378087
2000-02-07,-1.2260852646784026,5.2364487475185495,2.811690044377004,1.478070009039029
2000-02-08,0.4610511865984954,5.058400481178132,2.155810714246728,2.1937546212984387
2000-02-09,1.0131713403730784,5.514600499640347,1.0026128515000399,2.962700798196965
2000-02-10,2.6301058825806103,6.426896409775262,-0.43625552470869366,1.8346323664702162
2000-02-11,3.5119522086341,6.449650650532223,-1.2523098621028788,2.813577914613195
2000-02-12,4.417121101355487,5.8421503936954995,-0.025827535621558262,2.815619372200085
2000-02-13,4.677724570534574,6.503374429206948,-0.8110094756581154,3.262008011148907
2000-02-14,4.803110920980564,6.908398156071262,0.27808662408539386,3.9894525686787854
2000-02-15,6.0476494662046845,7.445183164527025,0.03993273381847365,3.0068506249497142
2000-02-16,6.291517600967811,7.696656788469596,-0.997307052384965,2.8620680389463287
2000-02-17,7.516258389924205,7.267953327604979,0.5502489167043476,2.6690972091930245
2000-02-18,9.59041140487829,8.537089153501993,-0.03898708151837149,1.5696303291611011
2000-02-19,8.231272212044772,7.85387822021926,-0.557657655635405,1.4724406690716227
2000-02-20,8.69902367096716,8.360389486283774,1.2634394066470263,0.5930732861167112
2000-02-21,8.522352900036806,7.125218653427233,0.5713372519743927,1.068757164596787
2000-02-22,9.095123280195233,5.691141833067001,1.0608703670464594,2.3591804773146263
2000-02-23,8.75184187248602,5.299375202790599,1.3889813863463305,1.873323673495274
2000-02-24,9.103013020787895,4.642447022802143,1.3027816090385267,2.2680596538955657
2000-02-25,9.11527000518575,4.6578524578482305,0.8475084099154861,2.6833787417944186
2000-02-26,7.589082969864826,5.468641383065275,0.8379441025543733,3.912018793894716
2000-02-27,6.8917130151960055,6.135926022697567,-0.14995724866236881,5.0850305969301
2000-02-28,7.8245390727093795,5.474831887295458,-1.302126265872608,4.380909565667248
2000-02-29,5.707608729582677,5.238669823592102,-2.3463997439301445,3.9402861022731828
2000-03-01,6.2214448417573225,4.826637020869805,-3.157943341271694,4.636086593900309
2000-03-02,4.982697775656084,2.8608076247817236,-3.3763223541883045,3.4475796943968122
2000-03-03,7.517922370118853,2.369598356297727,-3.6241824009672396,2.789870351210922
2000-03-04,6.796678554981245,2.8218210884166295,-4.629435233974695,3.7797804578378473
2000-03-05,8.603200456713866,2.3604471927564026,-5.921173381736943,3.8633154938864758
2000-03-06,7.408171755329704,1.6744374643420943,-4.2086208994326215,2.8838565356936963
2000-03-07,6.779734356697396,1.255475011224208,-3.264777103902359,3.7642046459004375
2000-03-08,7.3938299011412125,0.9460821673994797,-3.291987916692527,5.085790503513664
2000-03-09,6.705572840572328,0.4651745215185093,-1.9250867223401353,3.7429631281351714
2000-03-10,7.6671328283996205,1.7208780392285932,-0.9903071202820829,2.151627093791266
2000-03-11,7.250442372864442,3.3412828382248962,-1.2793168972574582,2.9234003185744157
2000-03-12,7.9389802827415235,3.1456658067768157,-0.28394251272533755,4.259492557770897
2000-03-13,7.734017620292572,3.717516647178252,0.7314983513605208,5.168531643490696
2000-03-14,7.274814527102125,4.730781796051607,0.938337719218707,6.388518409849684
2000-03-15,8.574122917267172,4.592536542317415,-0.3612595350400849,6.480999798797934
2000-03-16,7.899954456208945,4.227347800024393,0.18973979426498588,6.285074109144357
2000-03-17,6.66781401315213,4.340319088442529,1.086342561730655,8.639419890290718
2000-03-18,7.46410047305594,2.9577811454327927,0.3769802272725137,9.625029780441357
2000-03-19,6.69341195520403,2.6721303964650196,1.3032222374185098,10.619226719238293
2000-03-20,5.593427040242891,2.392413534082479,2.653322774986756,10.559843722977831
2000-03-21,7.879466361066157,1.0888796535154832,2.7220470375987955,11.522665806406861
2000-03-22,5.7589375972633405,3.297486493387293,3.237936294229974,11.510750682868395
2000-03-23,6.833331913648558,3.464262778056331,5.6661231343712695,11.27860557099708
2000-03-24,6.631834860018895,3.275830700921996,4.800697296452039,13.5866182743057
2000-03-25,5.770252135166638,1.8624209828984821,4.28940091132419,13.870148166088693
2000-03-26,6.124524123354008,1.319296678527728,4.821390890375061,14.158834222225968
2000-03-27,4.085271290031301,0.9534376727033753,4.956908492370636,15.182401979533893
2000-03-28,2.5638133303502593,0.539825043992759,3.884806167923072,15.826412120816471
2000-03-29,2.1575612807052007,1.4256501592769044,3.750159846961509,14.19179148574334
2000-03-30,1.2658845306196236,0.834810869749933,4.140902385652928,14.19355561895731
2000-03-31,0.7907826407839844,-0.3992128286952312,6.406113405617454,13.962642813413181
2000-04-01,0.4065321856139483,0.0873964039472005,7.733080481648642,13.431681188141843
2000-04-02,-0.14501087582787142,-1.082553586712021,8.709329400246222,11.656447385825953
2000-04-03,0.4916940063636164,-1.5068099321763442,9.791723880603717,11.827422385544526
2000-04-04,0.13744651181246637,-0.8432717908205414,11.81899088022399,10.59792569752217
2000-04-05,0.8123927914610254,-2.5708529673456804,11.68390245612712,10.590104292208979
2000-04-06,0.5151679760443142,-2.9547153324632647,11.091598743970078,10.184021443744896
2000-04-07,1.7667001039440522,-3.8327645155734924,11.939565413643491,12.461485531457448
2000-04-08,1.0829179997037222,-3.7903311976327245,13.46459685244433,13.050741598703722
2000-04-09,2.192192017013778,-6.075927945587577,15.28081257605928,13.047152039760993
2000-04-10,0.9040354694637676,-5.645682454482028,12.509839523520382,12.156422240678804
2000-04-11,1.5939030219414172,-5.5761408267717965,13.131446414416612,10.97434354433107
2000-04-12,-0.9130506013138171,-8.067011693769588,13.007980174913895,10.981609229969969
2000-04-13,-0.6532850444739259,-7.229640075800234,12.583931810804813,11.640521656367875
2000-04-14,-2.249716979664045,-6.618753324250955,12.163978006737654,10.995410834097305
2000-04-15,-1.636391921463043,-7.7713274345787555,12.013190308275373,10.992468825194354
2000-04-16,0.15910782935497858,-6.814359935560444,11.52006366360083,11.809675558971161
2000-04-17,0.8310876935492991,-7.123991317237862,9.849975723216978,12.826032122620841
2000-04-18,0.6868299094690503,-6.919311194237012,11.03542896993145,13.709259646660705
2000-04-19,0.5430597105806648,-7.722554793573906,9.539352062283262,12.442954161586057
2000-04-20,0.18953446719651307,-7.657368673556171,8.560080313341256,11.794210921553567
2000-04-21,0.5338179710561628,-6.216602062145803,8.418343509373248,10.747082943561775
2000-04-22,0.7628071217328749,-5.032494586134171,8.331919970755091,10.749583239721755
2000-04-23,0.8564223868353634,-3.5930513132158968,8.04896533380685,11.71849236598458
2000-04-24,-0.8244742609347363,-2.509186026934612,7.344070379500857,11.013393895722908
2000-04-25,-0.7372785828319359,-2.6584349016330977,5.56045918349008,10.69489562420812
2000-04-26,0.1700045068408651,-1.793590710512733,6.422474799479595,11.786690923021226
2000-04-27,-0.5226508451716093,-2.6612073878522744,6.063528082545896,12.88800257841067
2000-04-28,1.314394351104696,-3.6627470087704186,5.255247197511387,13.968303121985443
2000-04-29,1.4896643443720554,-3.3546611157311923,4.462370824435331,13.804604654337664
2000-04-30,-1.2828991116807764,-3.212746453123412,2.6738994863338235,13.28082208058998
2000-05-01,0.7151403822113058,-3.3815281126364596,1.2906723251610592,13.016551498526066
2000-05-02,0.935811420777206,-3.951465929415517,1.5723941550387748,11.627197220850604
2000-05-03,-0.1575717611989097,-3.020472358873782,1.5249726754107347,10.945191032062805
2000-05-04,0.9940075979356228,-2.152320998112216,-0.08885842278154654,10.148898477006673
2000-05-05,1.5489715420980161,-2.406859933286179,1.8226508622561273,10.403365206980991
2000-05-06,0.1671806310559696,-2.5630134758213807,2.2867270540596807,9.270813594016445
2000-05-07,0.7892673813013389,-4.259224988045811,3.18415160325924,9.043856381159523
2000-05-08,0.9376907252432755,-3.7233606288622556,3.2115988674694482,8.890553409357986
2000-05-09,0.1997922203346888,-2.935972355901814,3.7913942832862753,7.6358658616964155
2000-05-10,1.8079301526189044,-2.059097589336585,4.5930138495893305,6.122346640678212
2000-05-11,0.5001029546124973,-3.1080343052829997,3.915240883951451,7.277721677452622
2000-05-12,1.1870506791017128,-1.5674784528993868,3.5760113279540344,8.27102638431925
2000-05-13,0.1723069120837728,-0.2601372527899093,2.5842639628811637,7.7021961231059555
2000-05-14,-0.02837787964347288,-1.3969708873893196,2.1262025646607814,8.696513752243943
2000-05-15,1.5601617845873934,-0.5734650367647027,2.226289697826678,7.843798967627706
2000-05-16,2.780202773644515,0.6391506537466585,2.5070603064254158,8.615228497533002
2000-05-17,4.065692794413122,0.2911088477228355,2.119853111947254,6.7016645881820445
2000-05-18,3.9867239982351577,-0.5871308950814327,2.864192209123038,6.8644531281001475
2000-05-19,3.836981604566577,0.08972399713603219,2.7284282093086802,7.844167349632913
2000-05-20,4.375903857300418,-0.8788497464565157,2.8246815185741414,6.804631502366062
2000-05-21,4.547672440782461,-1.719279323004943,2.3584836516524637,5.553017335913145
2000-05-22,4.7128596058064325,-1.862094492815203,1.8063259898658461,5.9239039787573855
2000-05-23,3.117721588925865,-1.771558349534151,1.8775211214031644,7.262134661213617
2000-05-24,1.088755700197344,-2.737873097692625,3.2269817524730584,7.2634044349006475
2000-05-25,2.4323274713355154,-4.532514899439626,4.2584356857170995,8.143891984720383
2000-05-26,2.230693312391739,-3.725407677124447,4.665511511886029,8.46615175162746
2000-05-27,1.5935653482334757,-4.549300059337111,3.224831900265218,8.601744426692736
2000-05-28,1.338590583356793,-2.834584061651568,1.3899127908773625,9.453088776399166
2000-05-29,2.642509877299967,-2.4857446459826957,2.6787495932784964,11.383616667044743
2000-05-30,3.1932383030414107,-2.315793969075825,2.0191643113702242,11.794540103952718
2000-05-31,2.494926716745118,-1.7561179410262162,0.39416286705285497,13.150484477962198
2000-06-01,2.5687522670738083,-2.601650094864363,-0.2554677978754081,14.862765657943523
2000-06-02,2.0506271885227214,-3.0453216239212972,0.03801997022249132,14.5850459325241
2000-06-03,2.4959162725121296,-1.8234053458261754,0.3846614219262275,13.263201960247372
2000-06-04,3.551007346965892,-3.458845400174382,1.4332646024679137,13.046607367143574
2000-06-05,3.700370385332392,-3.6962646303735247,1.71464885384745,12.561839526760712
2000-06-06,3.533213685153544,-4.045000671423346,0.8963471687262516,11.902591658908257
2000-06-07,2.5319027688796307,-3.919031841691129,0.1281532113509808,13.51399891425933
2000-06-08,2.684228658822799,-4.197232097799135,0.38153220308743035,14.143348307401908
2000-06-09,4.298683056328967,-3.8072042556725703,-1.4138636207919024,14.107458709953383
2000-06-10,2.9928332192062435,-3.710741527180615,0.2656658581101279,16.469451881641874
2000-06-11,1.164467099146587,-3.6164262231695052,0.8340072983509289,16.139281036249265
2000-06-12,2.1426110190386605,-2.795950545297142,0.1448605495936789,16.520937491125476
2000-06-13,0.3739642504391816,-0.6052283748159244,2.340214930671857,16.66016808951568
2000-06-14,1.7980316188074665,-0.36154805576498816,2.4487019418308837,16.67668682013469
2000-06-15,1.3785700049529348,-0.2894094110750613,2.8989519684949396,16.389114656474373
2000-06-16,0.9050142154680606,0.823522751344703,1.2950879149364172,17.204618154301905
2000-06-17,1.2254350903416262,1.6767208971172551,-0.33351224959714965,16.725770526559703
2000-06-18,0.34636011406141887,0.5918855567542618,-0.11604028668898439,15.340201547701378
2000-06-19,0.6978682649401502,2.464891802663905,-1.3914281348109867,16.092149668607888
2000-06-20,1.2029918235289565,1.0414331248264643,-3.014779748196829,15.66235703339479
2000-06-21,0.23997563462050198,-0.21773217485037843,-3.5644765625072976,15.623788687021314
2000-06-22,-0.5298986913722296,3.242011790513696,-2.783073927329185,17.187987009397098
2000-06-23,-2.3629030555814614,3.587418439473832,-1.0788466718905338,17.650754386690096
2000-06-24,-2.126323889579832,3.885735171156442,-0.17057902543741088,19.685000802384415
2000-06-25,-2.126705705493657,1.9428393253872396,0.8095951572929891,19.998453076357944
2000-06-26,-2.2822850844954576,1.516691968470766,0.10315521730914756,21.624769862591062
2000-06-27,-2.8166391781897895,1.5043726055813194,-0.37318880808985333,21.465208286957296
2000-06-28,-3.7510974103522754,0.3200874359972201,-0.09299643116353618,22.13570423538519
2000-06-29,-3.9282873361738635,-0.9359087112303097,0.1759454912927687,21.984630729509792
2000-06-30,-3.0400164170450528,-1.460059107603899,-0.09873766395340627,22.829791500019574
2000-07-01,-3.0998238371248417,-0.09235521530453283,1.344728353306031,22.958135359960455
2000-07-02,-4.059298998983177,-0.9007539306860335,1.3215480047660177,21.63954477679733
2000-07-03,-3.2854005944648863,-1.6348333398835424,0.8085262796721789,21.683957778779636
2000-07-04,-4.657048344853807,-1.437376597687985,-1.9793390765188255,19.761787585763848
2000-07-05,-5.717339898784985,0.6899520582090746,-1.2557958113782668,19.638787736188085
2000-07-06,-7.034753213421203,1.028156765196513,-1.9830948713645085,18.97203614855154
2000-07-07,-6.535492070753207,2.598107472162016,-2.311887101795049,18.600467604599803
2000-07-08,-4.94834796585053,2.8512320575639576,-3.186868213589093,18.179317347157678
2000-07-09,-4.438957759464414,2.1974409236388626,-3.010481275460291,19.147557847335325
2000-07-10,-2.578655137746387,-0.44224965602085087,-2.3369391354574303,19.82664221807677
2000-07-11,-2.432607051456123,0.6148900251296536,-3.714951019117639,19.31326546820187
2000-07-12,-3.2991479567856685,1.6205741706208923,-3.6002992861838736,21.435468036700236
2000-07-13,-2.435378444303983,1.2337263024530314,-2.661684320172291,22.148746687443392
2000-07-14,-3.9908638104953864,2.359898303949542,-1.7107981524889815,21.09088143457612
2000-07-15,-5.742743911169137,-0.14011270729894143,-1.474070182358978,19.16502776314542
2000-07-16,-3.7153474287083834,0.38729714675381055,-1.4633586751572056,17.89874529628573
2000-07-17,-2.2286610746467748,0.9073195019387674,-1.6184085087735018,16.731779210028737
2000-07-18,-1.879418732664555,1.3807646020464543,-2.8330178097132053,17.85011131515863
2000-07-19,-1.8582843310681607,0.6557946618090811,-2.8006057766504124,18.73333236253348
2000-07-20,-2.372592065843853,0.32828236415569984,-3.8602525471290092,18.923201749042953
2000-07-21,-2.1460205854589103,0.9477413824841865,-2.795931225448091,20.369520954885434
2000-07-22,-1.6992412760556688,1.0107313179082842,-2.507011482957028,20.636872347278967
2000-07-23,0.08070432242071446,1.2572844790451858,-3.181277588289285,19.776999303055938
2000-07-24,0.21650753827046004,-0.44911594380889275,-3.6315320800474726,20.2344372577659
2000-07-25,-0.5633606967584437,-1.7897466948155119,-5.7381899103491945,18.41107518389942
2000-07-26,-1.0891273347991428,-3.9256597050254345,-4.601854562692717,17.26498150848887
2000-07-27,-0.3056280733727029,-5.120271316143976,-6.050605380699102,18.71005185591791
2000-07-28,0.7281964440713588,-5.22876666006375,-7.935726900620787,17.6691722719044
2000-07-29,-0.5210905247002852,-5.299179732511967,-6.692147858831404,19.165957069073837
2000-07-30,-1.1663978159897384,-5.110407058332757,-6.232682902342673,19.910915285389425
2000-07-31,-1.6169243316395154,-5.30294982371032,-6.224401903797445,19.269014575541053
2000-08-01,-3.127615895297698,-6.6674936346317235,-6.564574532276845,18.995013579610042
2000-08-02,-1.981199764360269,-5.410544712605832,-7.818546282648918,19.368860775669383
2000-08-03,-2.179854438268815,-6.029216580029912,-6.915809984995046,18.704676036167267
2000-08-04,-2.318255840367046,-5.869308342952164,-7.249325967022748,18.954848176281498
2000-08-05,-1.0881296103624298,-6.237498440708738,-9.072269658773424,20.040331215240492
2000-08-06,0.31504210057229853,-7.705167949055078,-9.38729039499952,19.321875495232653
2000-08-07,0.8300693684561303,-7.850904790935696,-9.749761666325856,19.114163156975785
2000-08-08,0.4056728045834172,-8.17191847885123,-9.321842775549179,19.103354744952398
2000-08-09,0.8609996684582066,-9.76657695993976,-10.44550847325289,18.931229613037495
2000-08-10,0.6383602039897759,-10.822573709541755,-10.45765488596691,20.94008095388292
2000-08-11,1.0888497648575022,-11.943457434056297,-7.982429940556454,22.203607908498935
2000-08-12,0.5955379395083201,-11.454475226652335,-6.950758457213743,22.149910511844602
2000-08-13,0.5272394932720477,-10.46030555458541,-7.688040534657569,22.822871397725752
2000-08-14,0.9894042256753826,-9.35660719210748,-8.012762491797123,22.27784037899777
2000-08-15,-0.1437294359287502,-11.448881016186157,-6.925699877033656,23.93517214242665
2000-08-16,-1.0126381370076483,-11.751842906908003,-6.344019830210345,23.775415777689716
2000-08-17,-3.236727980316385,-11.588616336733189,-7.383342238504312,26.899548161034605
2000-08-18,-1.6938757506033908,-11.340982505134022,-7.16944182633295,27.313587846897544
2000-08-19,-0.8209321239619085,-10.401027357255042,-8.129600778472083,27.385096058054923
2000-08-20,-1.7167148040433238,-11.2337276869049,-6.382839839827665,29.23036340093335
2000-08-21,-0.7719807194676006,-10.887470468348797,-6.781336750663704,29.26579498526736
2000-08-22,-1.5862659858891974,-11.219761859487397,-8.087258469541764,28.356669201849783
2000-08-23,-3.3053367168355328,-11.054836164599934,-8.800408637801258,27.51590396538051
2000-08-24,-3.069188349155819,-12.496298781959176,-10.74934432456115,27.99974310725746
2000-08-25,-3.9121168514523728,-12.718095089054946,-10.500196012699739,28.234132888162538
2000-08-26,-3.8403461136279864,-12.270986674668261,-8.762557719535216,27.340129913547194
2000-08-27,-5.6634167437602185,-12.940674952188155,-8.293103738568933,28.100580350728134
2000-08-28,-5.70200299925654,-13.039313803098091,-7.672259652943057,26.83417537563663
2000-08-29,-4.861512391684689,-13.252299942994378,-7.025684476560197,26.920659772281205
2000-08-30,-3.4869047568609757,-14.276533173578008,-7.626306175153973,26.830589974976075
2000-08-31,-3.2994167174691253,-12.590453509132505,-7.609752365022729,27.811231189255878
2000-09-01,-1.8207988123733685,-12.118509499965251,-8.359802624961821,28.41251053520441
2000-09-02,-1.5677717348779356,-12.378744897317826,-7.69568896045377,28.878665890244427
2000-09-03,-1.0183952018848252,-13.092859086831693,-7.277279995384823,29.36362591567683
2000-09-04,0.7917067162869915,-12.83267596110322,-8.395651636433785,30.351528403106833
2000-09-05,-0.41771263937702274,-13.513687715866237,-8.309960769189583,28.845599683187523
2000-09-06,0.5360992203232832,-12.377678145508419,-9.251872527578591,28.671779740825805
2000-09-07,0.7287754976018945,-13.457594590985689,-9.391860822064743,28.397039830972638
2000-09-08,0.7290411920312109,-15.682246862543256,-9.872349179235554,29.658532994582487
2000-09-09,0.8599912961774341,-15.621924361800357,-9.141429611884208,30.039752814622535
2000-09-10,1.4057251627530813,-15.840605641633212,-6.64572436163191,33.04586851435081
2000-09-11,2.2690537431409905,-16.01962882068671,-6.73111707962616,32.05733167119588
2000-09-12,2.469779702577787,-15.138936154853905,-5.162878445805152,32.657107445498305
2000-09-13,2.390943677261631,-15.326494269353148,-5.718365501277714,33.78761984112702
2000-09-14,1.8463478013781383,-16.4584326153321,-5.283421209498755,33.44947272311487
2000-09-15,0.9176404980266215,-15.755455090152804,-4.523244763447156,33.87215504696833
2000-09-16,0.542573963536306,-15.992423914433177,-6.676772268287024,33.22567924737096
2000-09-17,0.8890770924285183,-15.060430356999259,-5.967274188118308,32.850770740402716
2000-09-18,1.4793010268053681,-14.22853692188878,-4.378404641680237,33.12458274480653
2000-09-19,0.8580499652281105,-14.33571529638917,-3.764024731180876,32.89591652637727
2000-09-20,-0.8062303720895448,-13.289195749207463,-5.016940100070647,31.193214021477793
2000-09-21,-1.8751561019538263,-13.346118666579693,-3.4090555502230773,31.238940095354703
2000-09-22,-2.0088562128454024,-12.252830515207556,-3.3347073204110425,30.259449783527522
2000-09-23,-1.7096906759949582,-11.8554389279222,-3.373778773692259,30.26250742072018
2000-09-24,-3.1265261012215175,-12.140475414637477,-1.7014255279960369,29.400375296618034
2000-09-25,-1.9087411046691487,-11.955761312449239,-4.000566021746518,27.688431412846626
2000-09-26,-1.8138110377649572,-11.818657013531217,-2.5119456029000107,29.015796544101203
2000-09-27,-1.8299495726569912,-13.355535509540987,-4.44207300731991,28.97086001441054
2000-09-28,-0.9919144850703133,-12.467815603945871,-3.0742364684432464,29.319702380113867
2000-09-29,0.33870070984022604,-12.989190787316266,-2.726333381223823,27.79191741252269
2000-09-30,0.47103779959251313,-13.74139867658452,-5.977660713759766,27.50504521909522
2000-10-01,0.7176857967339917,-13.8302358987113,-5.784440933294799,27.770595461728718
2000-10-02,0.45956099343826945,-14.530078767188598,-8.677022132100252,27.76636108835526
2000-10-03,-0.6292268747158203,-14.253463473300336,-7.5724874582330175,26.47512038652074
2000-10-04,0.1475129313808653,-13.957960991594383,-8.28343791450888,26.174852572445925
2000-10-05,-1.1317651072066761,-14.971974872894254,-9.239160915696703,25.045685786062528
2000-10-06,-2.997316626877777,-14.825628510088604,-9.957037151705753,23.918460264344173
2000-10-07,-2.8734115276539463,-15.580456554869302,-9.165003827440268,25.50029912063325
2000-10-08,-3.5374710604077597,-16.01220134340556,-9.550298384024185,26.686951887109597
2000-10-09,-3.679950463089773,-16.829060536557616,-8.781908834762923,28.080524253092346
2000-10-10,-3.6633521064151697,-16.79559740357987,-7.994128397532464,29.360439063097626
2000-10-11,-3.7008007555293485,-15.971599435670077,-8.490614406879157,32.4271401003239
2000-10-12,-2.8438390644517773,-15.313196021309933,-8.221273624527312,32.17605526197874
2000-10-13,-2.1777281564684317,-13.713823695314115,-8.664017332577965,32.26832605923154
2000-10-14,-1.1172418652564855,-14.30727989456366,-8.978526550469647,32.5042169891791
2000-10-15,-1.252193663694388,-13.872399233329478,-9.745280687077086,32.76842875329459
2000-10-16,-2.0575524728465866,-14.164629866478652,-8.519695921439322,32.61784493646903
2000-10-17,-1.8599417529567552,-15.782516329513472,-11.134595330643833,30.70649911870909
2000-10-18,0.297355530450492,-16.284938406089275,-11.213811189851825,31.576056264146747
2000-10-19,0.9630844270000094,-16.232571992084512,-9.924749079199051,32.97241485613011
2000-10-20,1.4103348625422134,-15.125948236113173,-11.787562325193603,34.493630819098165
2000-10-21,1.0944377784815367,-14.163329002888227,-11.840394599878518,33.01381639156086
2000-10-22,1.7468066519769416,-14.880818178804397,-11.958511313914457,34.85961057704062
2000-10-23,3.031784666461613,-14.348576979945856,-11.65072081815135,34.3949995026304
2000-10-24,2.735932419436529,-13.386958779002141,-10.829866908064455,35.393814585243696
2000-10-25,3.2831426877631804,-13.25786448691986,-11.73697130151632,34.19385771780502
2000-10-26,2.967594523825734,-11.859170055753903,-12.221942569751167,33.92205032082862
2000-10-27,2.9314228810779954,-11.52288936853166,-10.300435252771184,37.123514100192594
2000-10-28,2.1833119386702453,-11.181643903890398,-9.268185127235983,37.12650774658627
2000-10-29,1.6758408362648507,-11.297215928147393,-11.626917233075062,38.53194738454754
2000-10-30,1.785556065238605,-11.311464192812647,-12.236700614702109,36.636458268912335
2000-10-31,1.290522135987017,-12.189208382861434,-11.445423542902805,36.841071867747424
2000-11-01,1.4704584495787667,-13.222468922455342,-11.588709814735104,37.598869892239776
2000-11-02,2.5551762178314017,-13.897495682249813,-11.353551206950115,37.74266402097003
2000-11-03,1.4591227804205646,-14.334922005828144,-12.679925108960285,38.02172228668148
2000-11-04,-0.3916128268118255,-13.320241008123773,-11.676103438092326,38.08273353010254
2000-11-05,0.09422270474794309,-15.114085171872297,-11.35321528316043,37.57284059237966
2000-11-06,1.0538396983744978,-15.123191589950407,-11.204643658532882,40.30624163954736
2000-11-07,1.3660508481484595,-15.662787760546184,-11.67487944940968,41.08280101918884
2000-11-08,-0.30911830837093013,-15.779292096719468,-10.968636551942192,40.49346578503235
2000-11-09,-1.2057766413802387,-14.76175139339611,-11.294696130182146,39.43187735791928
2000-11-10,-0.5853717360734255,-12.404136745616201,-10.889471745442627,39.391766431711076
2000-11-11,-0.5159556671185979,-11.637176478817713,-9.263308522717129,40.03703961218519
2000-11-12,0.7023577198559703,-9.072929246669869,-9.545104829804545,40.90179167508812
2000-11-13,-0.6947012706122109,-8.381682818828514,-10.144844354033356,40.48191474498404
2000-11-14,-0.7393456318743293,-8.7391900554456,-8.264023064375742,40.40118670306528
2000-11-15,-2.7901020160974754,-9.48064646857147,-7.73581816149194,40.02967375578
2000-11-16,-3.9517768828525033,-9.265673218323446,-6.410568371384054,39.422914999464155
2000-11-17,-4.025387588596651,-8.951219528915967,-6.397738587822036,40.451666225150326
2000-11-18,-3.2558587215437234,-10.32603148926291,-7.329673265863171,40.33881785986148
2000-11-19,-3.8960062339187083,-11.401188030650022,-7.631630910308355,39.28876385935454
2000-11-20,-4.087070221238119,-11.278432111826433,-7.884558655386115,41.35219827110298
2000-11-21,-4.15567785622526,-12.762945756790934,-8.953823871123362,38.51183147301978
2000-11-22,-4.374244549908329,-11.945250938387996,-7.581479731381565,37.80435434325693
2000-11-23,-4.801798723579435,-12.560401488372921,-5.617150622479157,38.38501255338654
2000-11-24,-5.638643617490809,-14.386744616618962,-5.9078339918257745,38.02511603781978
2000-11-25,-5.220070960387796,-13.621673207122177,-5.6634833085496155,37.902111655233725
2000-11-26,-5.401111827148468,-14.177914743219832,-4.959786287539067,38.73908470945365
2000-11-27,-5.948564979405207,-13.451692866203908,-6.314992208231811,36.98242548631148
2000-11-28,-7.177213974320093,-12.861215727379005,-5.838654022149023,36.006398171358946
2000-11-29,-7.362084762731766,-13.166831937260268,-6.185343694902248,35.95663571274113
2000-11-30,-7.229005593083034,-11.764810826598385,-4.588264080668984,36.343578280104786
2000-12-01,-6.588621479412276,-12.452401856734658,-4.466691398087996,36.5324929946768
2000-12-02,-8.508640249416837,-13.531091333184326,-4.497708641724554,37.948695835003576
2000-12-03,-7.361235471392198,-13.034039249037878,-4.104279625528667,39.28706731884895
2000-12-04,-6.886849002336066,-12.704957014905085,-3.8180098429881735,38.583882941643424
2000-12-05,-8.227739924935628,-14.254639417337252,-4.367038982828539,37.912393666009315
2000-12-06,-9.290311222640081,-13.538007228515204,-4.250435058993022,38.82971940496677
2000-12-07,-8.894684877406709,-12.591002793816642,-3.5250632733189935,39.201754100158965
2000-12-08,-7.714385666920087,-12.772269569185944,-3.0995970825340646,38.31343301494331
2000-12-09,-7.657674032971679,-13.41678589902968,-3.0988357900719996,39.752241590400736
2000-12-10,-6.742586462407197,-12.314244502774937,-2.7078638833274917,41.67357637777799
2000-12-11,-5.5901596768008615,-11.10605083710079,-2.41328270307552,42.04681818082606
2000-12-12,-4.560171705314456,-10.591058018052896,-1.4936999656368672,42.327332946472985
2000-12-13,-4.8878921284317265,-12.358801462485612,-1.5058202940044774,41.906280012411436
2000-12-14,-5.6971855092636465,-11.388960119642975,-2.0802496446682373,42.695803417503406
2000-12-15,-5.7655208182289215,-10.331312494573996,-1.3599488936909259,40.601370648169336
2000-12-16,-6.056402686670811,-9.768001969874833,-1.351292487756282,40.964051130069805
2000-12-17,-4.842858617290144,-9.441363538253583,-1.3470718935073283,40.68601432338873
2000-12-18,-4.829397001823563,-8.292980478193526,-0.9744879458767386,41.63203587610147
2000-12-19,-2.2641313055608077,-9.483386815020108,-0.5306534189468368,41.28062540123196
2000-12-20,-3.503713125401365,-10.330602488277979,1.0088709263670153,40.2303801038516
2000-12-21,-3.359407000172446,-11.33812497751906,-2.0371223280940844,39.298792476645744
2000-12-22,-3.2979372507557927,-9.744736907378286,-2.9875129665759395,38.91386173782373
2000-12-23,-2.4332507493707087,-10.301787924285756,-3.791591811600518,38.132775669436356
2000-12-24,-3.9901598327298826,-10.99987154370819,-4.772961689860002,38.07691607855052
2000-12-25,0.25267722310212815,-9.882399512077104,-5.972153654395741,39.07795673902874
2000-12-26,0.33484329552059144,-9.69621654285954,-6.099978289009004,40.92958642516574
2000-12-27,0.08710402034596795,-9.441479275284257,-7.962717357560269,40.47437748525242
2000-12-28,-0.4163405168592671,-11.440403766978026,-9.248099773518842,39.75845138335192
2000-12-29,-1.268788272279993,-11.5471305480116,-9.428787754044258,38.52230624752098
2000-12-30,-2.1588873117964975,-11.992756033259516,-8.105038372885481,37.708565447630974
2000-12-31,-0.5638912909377964,-11.784174428051902,-7.4787034390985685,37.49200491214999
2001-01-01,-1.0690831337466844,-10.097014331125806,-7.497168028730655,37.557574396011525
2001-01-02,0.06194780254594989,-10.067833271652376,-8.409595412568434,37.1122696267842
2001-01-03,-2.0948144536851068,-11.230022683160822,-7.017753447404178,38.31699718249149
2001-01-04,-0.5568142311642517,-10.71100762333638,-7.015917040635158,40.123731258470926
2001-01-05,0.9202642267103729,-11.341796979568539,-4.754689745474757,38.78960371241734
2001-01-06,1.7552374211841584,-9.494701975698279,-5.932424109637462,38.49871986192365
2001-01-07,1.7618770370878736,-7.6419185399630765,-6.293436614199262,39.610444393264615
2001-01-08,2.464134184083832,-6.027965347487667,-5.256843305501053,39.3383313345604
2001-01-09,2.2514679848123165,-5.279306547087027,-5.946776075813935,37.135084927609235
2001-01-10,2.3950152066364545,-5.877575138486204,-5.661077589488589,36.9823580064771
2001-01-11,1.5551871876162573,-5.114030568860915,-5.594422597061208,36.76799743798366
2001-01-12,1.7668889811675637,-5.8959183509385245,-5.708508843914391,37.47815008924031
2001-01-13,-0.10320384536190508,-5.9307984362644115,-4.8296768976247115,35.74540541431571
2001-01-14,-0.9871165537581591,-7.446018817159664,-3.5348662631686913,35.09146463854225
2001-01-15,-2.5204572785133883,-7.135903587260963,-3.6542608616429626,34.84889050882801
2001-01-16,-2.1477581268394825,-8.25129941626117,-5.066347997257894,34.39271025872469
2001-01-17,-0.5874997676289169,-9.408575389082024,-3.5982772163819257,35.664184957495046
2001-01-18,0.06548223116966867,-8.479735020380812,-0.7646470860822223,37.4507962373106
2001-01-19,-0.9466314851226326,-6.733373075584289,-3.0638336118497924,37.188863455569646
2001-01-20,-1.8255556909579338,-8.01295791984815,-0.6847378687786927,36.01135699838896
2001-01-21,-2.1109615214943886,-6.995079681481924,-0.14162777207693522,37.044443550495636
2001-01-22,-2.382491811843109,-7.872168526038696,0.06297798438246346,36.27535509309915
2001-01-23,-4.466267104542089,-8.926358325375656,-0.40435122280885516,39.47730942851256
2001-01-24,-4.331434621691841,-10.777874373497845,-1.291497273263753,39.57156093358515
2001-01-25,-3.6963098577479023,-10.580945363603805,-1.5569429332023403,39.919744293574425
2001-01-26,-3.2108669946588977,-10.946457903332611,-0.8582893262749114,39.89905394253961
2001-01-27,-5.15416984536966,-11.157717988037733,-1.790881962223393,40.79527011053194
2001-01-28,-3.719330352514375,-11.569204399829653,-0.9639990651687012,39.77276084189937
2001-01-29,-4.804428663785275,-12.152431556419886,0.30798177981532415,39.20942533211146
2001-01-30,-5.643097494352584,-13.617438621598772,-0.3111874594123566,39.39280676946535
2001-01-31,-5.6104921927429885,-14.604364798067332,-1.4424098789087552,38.63166336637785
2001-02-01,-4.470531386438346,-13.30084358813258,-3.1664479345246255,38.592075239763616
2001-02-02,-5.437531884731639,-13.78503110676428,-4.4340891404313485,37.05828228635868
2001-02-03,-4.4474334449057675,-13.787303122178685,-4.562373232931465,36.48077551190074
2001-02-04,-6.233485228138804,-14.65950064962902,-4.186564196378134,37.51498803708604
2001-02-05,-7.369893889532479,-14.539931937063772,-2.914908009548145,36.09798765600485
2001-02-06,-7.886561184442419,-14.99041949585853,-1.5481093431819257,36.92395675090135
2001-02-07,-7.904676643062632,-15.52309277230982,-0.5901115456923338,37.18173941299709
2001-02-08,-9.3604178879387,-15.163301450719324,0.36474640166420014,38.34390588435177
2001-02-09,-9.271661379556459,-12.928210896406085,0.15117932261689643,37.76995718127745
2001-02-10,-8.777641933634277,-13.234836062384542,0.5828704382605484,36.64543669938747
2001-02-11,-10.255150484545196,-12.598381878127386,0.8888446942053192,33.54389093094938
2001-02-12,-9.947078339631027,-12.824118025066387,-0.5247611428311474,33.951545840237735
2001-02-13,-10.308897299144435,-12.487063845799314,-1.8889026633136738,33.97163232966658
2001-02-14,-8.258119760960811,-13.55236821100059,-0.7884714654290657,33.24785465799968
2001-02-15,-7.5162344262987,-14.13018919335862,-2.0330122537350217,34.36304331066113
2001-02-16,-8.842427673598982,-14.120033129632388,-1.7767681008408676,32.96848528926237
2001-02-17,-8.038195738599255,-14.178245664029228,-2.3431406740359675,33.57607277599893
2001-02-18,-8.370345861996265,-14.11002707912081,-3.149678195528388,33.5196399305357
2001-02-19,-8.15312681047845,-14.383868126274471,-3.3480371000481814,32.84248376067152
2001-02-20,-6.757750247253627,-14.046144141514464,-3.657783771480306,34.23347738599602
2001-02-21,-6.879260795933572,-12.153428700308982,-4.753273709140673,31.439417744785917
2001-02-22,-7.629862375240327,-12.726855742156367,-3.7203900603610824,32.148012916535194
2001-02-23,-6.375775693114997,-12.698416920375477,-3.972690183723962,32.49739362285154
2001-02-24,-6.06162249134288,-12.042953292215644,-3.634931072578072,31.323506086943507
2001-02-25,-6.294939057094876,-9.910138328034801,-3.8863958747370777,32.99139813309522
2001-02-26,-7.028431338271649,-8.388998381784031,-4.4934315067510235,33.13286725864637
2001-02-27,-6.748903493496528,-8.086151254330444,-4.168371438587391,33.42726947863565
2001-02-28,-6.642166592455492,-8.853420442900342,-3.5103483215399307,33.30547501293691
2001-03-01,-6.437150563538867,-6.423604267969196,-3.8670223125300502,34.06791865522271
2001-03-02,-6.2976252149965175,-6.141775022967485,-4.286634813020628,33.819010211324176
2001-03-03,-6.665476741769939,-6.463527385909658,-5.241305955047846,33.73073473348731
2001-03-04,-7.622183213168778,-6.389679477535483,-5.328926371474538,33.1654515849535
2001-03-05,-7.948407392368497,-5.928194133038764,-6.430277763573893,33.92069838522472
2001-03-06,-9.175016183838013,-5.19466617638766,-6.958999844634847,32.15362640167544
2001-03-07,-8.875253831831623,-5.706657882582634,-8.127873624073924,32.767301788667965
2001-03-08,-8.72986569467756,-6.8799784031888604,-6.931544791058579,31.124359928342905
2001-03-09,-10.155547887934853,-7.060473949688678,-5.472859044463742,31.751688071635773
2001-03-10,-10.882765275608977,-6.935528990286524,-4.414139165590404,32.1913593936957
2001-03-11,-11.79994192123538,-7.657406053691761,-5.542585449961836,32.60196720335187
2001-03-12,-9.279952615584962,-6.839386114803737,-6.315566399288209,35.106007761109915
2001-03-13,-8.941119765721586,-7.042213115200212,-4.808378314354232,33.38825508542744
2001-03-14,-9.609990303294845,-5.535268954201115,-3.580596438036192,31.652093373270123
2001-03-15,-8.405665658086242,-5.106382729774372,-2.8516316193020965,30.669683704372005
2001-03-16,-9.880979999796722,-5.849721159298786,-3.4931259479733856,29.76955945892633
2001-03-17,-7.207116497896936,-4.992614815382034,-2.9690124211262674,29.990565212305015
2001-03-18,-9.109785616746398,-5.798212299882207,-3.220327805260516,30.96254874776034
2001-03-19,-9.871930008321831,-5.858132334413062,-4.727897938152389,32.17482023099386
2001-03-20,-11.626709044434525,-4.259123764721241,-5.960502565069102,30.337642887197944
2001-03-21,-13.044586618950477,-4.776734429744261,-6.892599568938653,31.340384197678713
2001-03-22,-12.802811553511987,-4.27412913365509,-6.919840320854438,31.386980608505976
2001-03-23,-13.485754558260169,-4.814016965520921,-6.333823469177839,30.90681184713412
2001-03-24,-12.80624040535531,-4.758001773882186,-4.774219269884897,29.997608585390367
2001-03-25,-13.79915913007356,-4.910596525667607,-4.253673553879924,30.746551869072825
2001-03-26,-13.710472287360679,-5.883587372883438,-2.974358138925532,31.632332533932928
2001-03-27,-15.11130253841806,-5.616010017831343,-1.8779759183445974,30.697976541868147
2001-03-28,-14.518459743307748,-6.400350543743328,-3.0695686181135295,30.205486114948673
2001-03-29,-13.237133509174743,-7.208249558384304,-3.7908788723209543,31.170028983056213
2001-03-30,-12.769018773260953,-7.752980748097157,-4.646129264382055,31.81796413896492
2001-03-31,-14.546027395010348,-8.324230632852611,-4.54205562951523,31.636172694304058
2001-04-01,-15.480071706766363,-8.962303900801619,-5.142883391826343,31.244559216661365
2001-04-02,-15.746763497476275,-11.270684652043471,-6.366426451404692,30.847346952809588
2001-04-03,-14.890576586749788,-11.915284581607452,-6.026000588116472,32.32275176610722
2001-04-04,-14.222672588687631,-12.04230437018245,-5.7678655957828155,32.290377405296226
2001-04-05,-13.905630511246114,-12.805956312114908,-5.823018821135815,32.55140951515685
2001-04-06,-13.16291499211609,-12.998960963467754,-6.485420451359729,33.7282173083443
2001-04-07,-11.375568009297567,-12.90704475467572,-5.686207571850194,33.178652463210426
2001-04-08,-9.795012623224158,-12.392549037685065,-5.731231776967754,33.3796036759627
2001-04-09,-9.309302193167408,-12.50503622613901,-5.706511470523843,34.1045499373676
2001-04-10,-9.942457295350684,-11.818283724978082,-4.5921902367235905,31.9668373259318
2001-04-11,-10.070710675366458,-10.405604084242526,-5.066986652571521,33.47139779742892
2001-04-12,-9.131458559077831,-11.344427864145194,-7.0770443598820245,33.68605386876508
2001-04-13,-10.78131538518839,-10.877729131910858,-7.077443614459963,32.379884795612796
2001-04-14,-9.59506392165529,-10.770221118456421,-6.4095387498857335,32.09621212261594
2001-04-15,-10.379136420653932,-10.035088059724306,-6.855954243940526,31.38227980160915
2001-04-16,-10.994433322697475,-10.958795506766315,-6.889144824244027,31.883237240225924
2001-04-17,-11.014087293301282,-10.91194888560041,-9.258481684568952,32.98942073819592
2001-04-18,-10.081905773714233,-9.699630642678663,-9.809172111765722,32.16278215989147
2001-04-19,-10.505795481844906,-9.28637026221118,-9.95804433426882,33.18294413314754
2001-04-20,-10.362766670995796,-9.165431429074625,-10.346235086059522,34.30534117551244
2001-04-21,-10.893130423985534,-7.973044868674427,-10.152933309490246,35.206664856635726
2001-04-22,-10.44989969744741,-8.375201849074735,-9.155812244900154,34.95722063922056
2001-04-23,-10.085684206913085,-7.513472890930564,-9.94692377018198,37.03995356226027
2001-04-24,-10.051975845868048,-7.818298012075571,-7.632386415871613,37.65424149408806
2001-04-25,-8.052750387130349,-8.149785251484756,-8.800069179882948,37.1385995485333
2001-04-26,-8.74192967337176,-8.64667076833779,-9.905551252145273,38.560310792463
2001-04-27,-8.375715303376218,-8.903468333652444,-8.693135108208702,39.97700616682634
2001-04-28,-7.229698209228327,-9.429557305813898,-8.642507261868108,40.31360698403986
2001-04-29,-6.404412679453856,-9.829137650952006,-9.231965050817461,41.43176397021597
2001-04-30,-7.282456347291845,-10.59211555282737,-10.18440411278267,40.60630182903139
2001-05-01,-5.932841527733277,-10.34438745016339,-12.530936218253707,40.1897719101601
2001-05-02,-4.390416514129816,-9.855471142876288,-11.690536218461908,41.61473379803819
2001-05-03,-4.911092623690271,-9.64248618936892,-10.05781067765251,42.62838108014639
2001-05-04,-4.7905815871367725,-10.313078404234025,-9.659583456425649,40.45832764666153
2001-05-05,-3.477482619647778,-9.608930978013577,-10.954943926672966,40.27448267426017
2001-05-06,-1.3300092228193265,-9.203056491697348,-10.892737205925592,39.34053612480102
2001-05-07,-2.0684152818904726,-9.203300879145552,-11.731354507311332,38.92660466865577
2001-05-08,-3.6260958531800185,-9.97784806725089,-13.591771741472435,38.7634823052178
2001-05-09,-2.8214969670630548,-11.974806697446423,-13.704479630924045,38.36314870404908
2001-05-10,-2.60194336541663,-11.496055529061698,-14.349209149978583,37.63723827206654
2001-05-11,-3.6810154022555786,-9.875781974069723,-15.631337341715179,36.15333581338764
2001-05-12,-4.052365391149649,-8.940824052298737,-15.767317596831493,36.15286336093515
2001-05-13,-3.688333596265998,-7.928791817677421,-15.75903445009987,35.98230700052107
2001-05-14,-4.41454463445093,-6.9045263929449066,-14.238280021945343,36.963147168564646
2001-05-15,-4.6702256730280585,-8.602001472179614,-13.64107682815273,36.13870604645908
2001-05-16,-5.976714410586617,-9.11707973100521,-12.002607887041872,36.733617430940754
2001-05-17,-6.160856875236442,-7.960614100651012,-11.481596202790595,36.25371053532957
2001-05-18,-6.421878150354626,-8.022775829292238,-10.143068376710815,36.084643595363886
2001-05-19,-6.290124614914235,-7.104814346201362,-7.972229414474009,33.07851508072797
2001-05-20,-7.224191995959237,-6.75655759872204,-9.061586028550098,33.2029487546183
2001-05-21,-6.2614264808117115,-8.25385989340019,-10.087099854112473,32.31516648641867
2001-05-22,-5.881551097045474,-7.060101582798806,-11.44102362788838,31.184841970535537
2001-05-23,-4.215010074366217,-6.673034559628464,-10.689431804639499,31.273412447760137
2001-05-24,-3.2077265120895415,-5.5853336228365595,-9.38438796369342,31.443617765266552
2001-05-25,-4.1880907963017515,-4.017922096618571,-10.950392088604799,32.26976522460833
2001-05-26,-3.2396073783176043,-4.201602187177453,-9.93335037958063,32.25937547828378
2001-05-27,-5.464435629154974,-4.303413809121599,-9.871247486967412,31.206493536740286
2001-05-28,-7.374312128347444,-4.445677073719913,-11.332266767967592,32.625137893286734
2001-05-29,-5.921565776273916,-4.479258437654673,-10.983857391805026,33.3976042823248
2001-05-30,-4.918377863513353,-5.8497840307584115,-12.3259852874846,32.161090615436486
2001-05-31,-5.476575726398489,-6.615661308994962,-12.511775646288728,31.106701665739898
2001-06-01,-4.561030698026911,-5.319728583809675,-11.510335969611269,30.65494080337289
2001-06-02,-4.702365506016891,-6.871070520182452,-8.421299274464797,30.15753801147163
2001-06-03,-4.992154486074829,-5.790058996651341,-9.183423082253961,31.492612714264446
2001-06-04,-5.224858574900719,-5.1524589352237316,-9.077466808353988,31.372956335639145
2001-06-05,-6.458539465186452,-4.494173427365073,-9.448916747037476,31.680571182194463
2001-06-06,-7.908212548879676,-4.809657342698914,-8.894065596302488,31.21198301199927
2001-06-07,-9.388304291554023,-5.886944893701335,-10.67525814404306,30.310316210817625
2001-06-08,-10.32007825933674,-4.00253060227436,-9.959562712890204,30.406750784100844
2001-06-09,-10.639310572154558,-3.0680744277392265,-11.199093949654262,31.260291820411965
2001-06-10,-12.33626131468509,-3.131463233982348,-12.309974281900791,30.769526973002062
2001-06-11,-11.540016309704333,-2.712845440534419,-11.185603865567941,30.83239693408574
2001-06-12,-11.133448458442038,-2.331568284995393,-12.018265712117937,30.86085508649084
2001-06-13,-11.37727951983103,-0.14372724466977038,-11.947036912671363,29.140215065399087
2001-06-14,-11.500116030221951,-1.0682258191438398,-9.043621358945293,28.99754124602985
2001-06-15,-11.691257451528081,-0.611436241744625,-7.341898633188218,28.302379820966177
2001-06-16,-12.045232189595936,1.9414073881911214,-8.602557280568345,27.275587736159714
2001-06-17,-12.803918796323208,3.1762454608281283,-8.97583512210716,25.61880535412741
2001-06-18,-11.983914529560419,2.1124011645131997,-7.820324081936444,25.807134093947873
2001-06-19,-12.56767365258555,1.3902669033028938,-8.07583406242873,26.48402508380733
2001-06-20,-11.430110656167006,2.477271664827218,-7.863620529343714,26.926931309618354
2001-06-21,-11.355653757172014,2.1366193814322063,-6.995832416857106,25.453036127893647
2001-06-22,-11.454872601346365,1.5975242113245227,-6.900539065661649,25.715709465769866
2001-06-23,-10.881433711441547,1.3192037290681262,-7.0292842632866135,24.27235287115765
2001-06-24,-10.937732567366035,1.4253407537882585,-7.321351499283463,25.07666172203104
2001-06-25,-12.112024735513303,2.7780092648661827,-6.454843524395267,26.31694775885415
2001-06-26,-12.692025654318112,4.553674752843126,-6.150964110396026,25.664382430103057
2001-06-27,-12.689733568812617,5.595423089253934,-6.0277325641407735,27.87083630994928
2001-06-28,-11.199342453589482,4.384005800400677,-6.383999721480134,27.712133747500403
2001-06-29,-11.394864564246731,4.898415333402259,-5.63949606878207,28.360189617360643
2001-06-30,-12.437486222912552,6.071011135926436,-4.409979848625315,26.750904183795644
2001-07-01,-13.932831305404815,7.696160982121631,-5.723320694350049,27.06324563659558
2001-07-02,-14.326470353527737,8.564858058077643,-5.691493693879738,27.464541332018296
2001-07-03,-13.528942367473656,9.116169837110606,-5.273822999397468,28.50429715176594
2001-07-04,-14.036726284492133,9.0595960066175,-5.3467309770323155,27.60989512971348
2001-07-05,-14.541834793315845,9.118774047882932,-5.115000603918761,26.35969737881847
2001-07-06,-15.776038264137197,9.574072782976812,-5.892570943145852,26.226820303050285
2001-07-07,-15.150673298817273,10.612416858927858,-6.361241568457273,26.98308853030107
2001-07-08,-14.461690280052093,9.741399755893676,-7.227402630366367,25.98538316696637
2001-07-09,-14.541400184025132,9.686084962783188,-7.203996784874369,27.46520820157601
2001-07-10,-13.473837675074536,8.815255271590614,-7.368251007420105,28.26564145842647
2001-07-11,-13.52811668715394,9.086727999780269,-9.119639192225154,27.799170486015942
2001-07-12,-12.262707246612743,10.55191805115355,-9.66012214869455,28.2701449224818
2001-07-13,-11.154356607355481,10.625211523419814,-9.155715471973704,27.76123004207207
2001-07-14,-9.87913654345022,11.298705408089244,-10.106539837842218,29.001302677171047
2001-07-15,-11.34211447403224,12.497458985426908,-10.972962115066025,28.009895360666768
2001-07-16,-13.385451691909443,11.637846353854972,-10.723281417256244,27.50334971016298
2001-07-17,-12.846561441804296,11.872983974699718,-9.522316868652473,26.531878769817595
2001-07-18,-14.428512730749198,11.3649621476805,-9.457315251665415,25.991468294351932
2001-07-19,-13.717143336420119,12.740458525387762,-10.696174016175007,27.452513465387145
2001-07-20,-14.668292683793112,13.33338584610075,-12.064190048798803,28.00171955392492
2001-07-21,-15.01940270467546,12.657563221611055,-11.442093164618269,27.45807164055779
2001-07-22,-15.00078349126879,12.95687835111977,-11.225765075390802,27.849038853585753
2001-07-23,-15.428370665184993,12.995995608857676,-9.655472797622135,29.938575322518837
2001-07-24,-16.130210314935372,14.015294908536076,-10.777131657114163,31.386345531820794
2001-07-25,-17.43403913789649,14.795984375931234,-12.367382258203726,32.530988802605236
2001-07-26,-15.64189566358319,15.358614917174688,-12.14189001247882,33.59499267538888
2001-07-27,-16.46696114920422,16.201207559562537,-11.162810032655294,34.966433515188804
2001-07-28,-15.183993312535554,16.216464634144717,-11.939085850267912,36.85215912912716
2001-07-29,-15.964616036094746,15.180844571563275,-10.911739195383191,35.997060859013715
2001-07-30,-15.55176379634041,14.232077957703208,-11.615065080580145,37.55057163735123
2001-07-31,-16.546420715452076,14.0451183671149,-10.475710834038257,37.89469272387171
2001-08-01,-17.48752065538398,14.35598152788331,-8.782483571731772,36.636405091155396
2001-08-02,-18.637633601995315,13.889377831557958,-7.321311138432792,36.02909277038802
2001-08-03,-19.827305280116516,12.712571044393092,-7.166702858732289,36.714865539169324
2001-08-04,-18.530041228949106,10.24425391005877,-5.57959318139546,36.767732818955835
2001-08-05,-19.358269123501927,10.65445812354378,-6.357910220162831,38.79186085926971
2001-08-06,-18.896720915399833,11.73759639063925,-7.478938235899768,38.29703892960551
2001-08-07,-19.766681176419596,12.235954320891322,-7.767872892175447,38.393531562837545
2001-08-08,-18.27656601858373,13.66874245097087,-7.193122064977155,38.80383578103636
2001-08-09,-18.077024743554816,15.770714157172108,-8.251114419473584,38.849639774820325
2001-08-10,-16.899422045165363,16.47015795011407,-8.993821395158651,40.23267205470022
2001-08-11,-17.68821565989982,17.006411662132574,-7.593387517057327,39.100277525957814
2001-08-12,-17.666565279145175,17.972016788676434,-8.49255212866989,39.58299797786642
2001-08-13,-16.978809775953415,17.007039268336595,-8.890466001223693,40.163553283207214
2001-08-14,-17.756216162253267,15.925247403591213,-8.446575644395807,38.71720331732714
2001-08-15,-19.108788244174516,16.06005504526003,-8.578811238849307,39.61433458723927
2001-08-16,-18.740205174664784,15.999736224822334,-8.362201586727252,38.39726158693126
2001-08-17,-18.79720424753636,14.212906667394277,-9.970962601337913,38.7011816351155
2001-08-18,-17.476520134717713,13.989210216677703,-9.592575198232941,38.23168858905756
2001-08-19,-16.813482674767197,13.92083294140334,-10.020399145632808,37.00577250489726
2001-08-20,-18.39160173764436,14.03935890120547,-10.587014327409111,38.48715462253628
2001-08-21,-17.57987928123307,12.839278457304907,-10.546953735103735,38.653243964196385
2001-08-22,-16.97996190282263,12.3491821008143,-10.248704716555741,40.45733848623947
2001-08-23,-17.578610820749404,12.242015339924361,-9.678271593131004,40.0750965051978
2001-08-24,-19.27507075028329,13.459903694004751,-8.48854661798886,40.20564607035516
2001-08-25,-19.158133295393846,15.159818178631262,-8.581584514963147,40.953369304991114
2001-08-26,-19.484373595333267,16.02257121654553,-9.39181003942175,41.345247226778085
2001-08-27,-19.100471289396623,16.368208245770763,-8.742796454584921,42.139540005797684
2001-08-28,-19.58698911599576,15.700693893390604,-7.336054606505605,43.54418839033028
2001-08-29,-20.337212434028952,15.518056151685956,-6.277958827104488,42.66601897417523
2001-08-30,-17.638218052673196,14.9943501743446,-5.364326406280315,42.49561341003466
2001-08-31,-18.324968546446968,14.609089613057634,-5.628032050208593,43.09866964263027
2001-09-01,-19.011922965215124,14.623118224407385,-6.176021661149484,42.91663105999227
2001-09-02,-18.24929515164042,14.158235554999957,-5.441937990486471,42.70625645806663
2001-09-03,-20.404085257564,12.48024400463989,-4.175570702704955,41.65773973315007
2001-09-04,-20.554846125902095,12.606913783474347,-4.6029509794374635,39.997120914870806
2001-09-05,-19.36752345326547,10.521962587586183,-6.332215646675989,39.76799165631987
2001-09-06,-18.575514279737384,9.80553431221057,-8.105507618551247,39.44963165422955
2001-09-07,-18.60548573444484,9.691268847074106,-8.083325974553166,40.00509363725943
2001-09-08,-15.95815542409915,9.413619950166781,-8.739594639797552,40.50482762350566
2001-09-09,-17.182542911999654,11.50713301548177,-8.244793207395247,41.31756319310003
2001-09-10,-17.559076122107008,10.608709497801222,-6.195517114057479,40.32513003861746
2001-09-11,-18.034853938100337,9.422998152875538,-5.776568723653892,41.489970832547726
2001-09-12,-17.071065750153068,9.441256433365675,-5.99538374425912,41.25562564987555
2001-09-13,-17.123943932541238,8.420246221524575,-5.954235279312947,39.755717030592336
2001-09-14,-14.6120890022548,8.527183714157495,-5.832241695898925,40.703710966942424
2001-09-15,-14.074153168508184,7.556497694476325,-5.648033355266253,41.87460423525032
2001-09-16,-12.693285748058837,6.8103890734328285,-5.541871535303211,42.77476482059525
2001-09-17,-14.205730033797694,5.354080393713814,-5.602794742662439,43.29632707765975
2001-09-18,-12.994538090750961,6.440237896211286,-7.264233804199518,43.1566732294315
2001-09-19,-12.925061124369442,3.7135944240346075,-7.590648065729433,44.1635281111829
2001-09-20,-15.04871034706071,4.848639739339044,-8.746455597384761,45.535684348269065
2001-09-21,-14.333239611395683,5.411964153365881,-10.32973178586554,46.152805142931626
2001-09-22,-16.116042191594047,7.010867789956853,-10.712121865322427,45.29020865487257
2001-09-23,-15.701812947024111,7.377857267701569,-12.15716799532202,46.12036630634287
2001-09-24,-14.546233677707173,6.845265593461253,-11.759311633262193,47.00747001971764
2001-09-25,-14.233161102396435,7.282891079454941,-11.586259440997333,47.38673062793381
2001-09-26,-13.234248849898346,8.539728494106484,-12.383240851626786,47.28417301241212
2001-09-27,-13.682605760796635,9.891999895258959,-12.667972472643463,48.115313667194826
2001-09-28,-11.513500981108987,9.796359132673162,-12.662991071902203,48.96329809992611
2001-09-29,-10.653184212496063,9.518023235291306,-12.423282973919184,49.11436609702832
2001-09-30,-9.287384288926342,11.871012127840931,-12.166925176590864,49.818074986515136
2001-10-01,-10.609092775052336,12.251418748730305,-11.382399303841709,51.41189976756615
2001-10-02,-10.688102965381647,13.776693623911129,-12.325916550248447,50.76336942638666
2001-10-03,-12.850988000061216,14.527383592426105,-12.511923872420086,50.89180538427573
2001-10-04,-12.766482603093069,14.997028298364024,-11.487145593677019,51.06937026273493
2001-10-05,-10.698502589373545,14.734142868446927,-11.495236412533064,49.831919946546
2001-10-06,-10.442734401110293,14.662157583467607,-9.311543522690119,48.74095151843771
2001-10-07,-10.618271425781144,14.250836581152097,-7.782390245808493,47.17648521364493
2001-10-08,-10.574983592257825,14.972740257317225,-7.7444036115099975,47.315812944220866
2001-10-09,-10.568437137618746,14.238415293671144,-8.151391585684149,46.393844871631195
2001-10-10,-10.665384776342995,14.201034016147874,-7.238002008965642,46.66891266039001
2001-10-11,-9.148769847347788,16.420583821502326,-7.571426901597814,47.28077311913306
2001-10-12,-10.41062892372694,16.954190030924522,-7.114057387918358,48.18541783416357
2001-10-13,-9.56763197674444,16.052387650052076,-9.695729113960354,48.04653797340449
2001-10-14,-11.56398676160052,17.005351904925956,-10.92848836478491,48.46683001072141
2001-10-15,-10.027234180949145,16.55801839948971,-12.606757902233666,48.37554842145163
2001-10-16,-10.871953126274883,16.929407649170585,-11.605952363726942,47.300963116993415
2001-10-17,-10.988378215317729,15.865329088194208,-11.309807150508906,49.09301551786627
2001-10-18,-10.315035169532534,15.160562072366801,-11.841215580902915,46.42842168406672
2001-10-19,-10.551585341806891,14.184782896268063,-11.975514936850486,46.4412161613309
2001-10-20,-10.697702478174469,12.762748782299564,-12.437606191130255,46.2684920975065
2001-10-21,-9.058948500010215,13.514562228518242,-11.371465226773864,45.88656379972124
2001-10-22,-11.314635549761189,14.03974526108776,-12.040951306055902,44.162757377668406
2001-10-23,-12.537982230537104,14.78517826636367,-13.587374102211253,43.5265741858004
2001-10-24,-12.881017743936269,15.92114370347244,-13.04573154714952,43.03067767430076
2001-10-25,-11.623394796211947,16.307791865885594,-15.051475316439117,45.02457575315065
2001-10-26,-9.782360612739943,15.752445354417203,-15.062941572732514,46.67985795731049
2001-10-27,-11.176766393770562,16.20159078615896,-15.438741374138758,46.01630442787803
2001-10-28,-10.98575426471075,15.635893523056692,-14.085255703523353,47.44934320511389
2001-10-29,-11.47337782848384,15.860405963433198,-15.368225545094258,45.47560718428224
2001-10-30,-12.145278316863454,14.685498919766648,-15.493788798414464,45.75031049328558
2001-10-31,-12.4466576552154,13.978799358099259,-14.872971168113091,46.77488097449385
2001-11-01,-13.416241360847797,13.978737440241275,-15.325993014375348,46.03470363186397
2001-11-02,-13.103594215931826,14.60582550924701,-15.4875437742374,47.36419856691305
2001-11-03,-13.87705612537981,13.851048598159844,-15.31807265653826,48.000216034451626
2001-11-04,-13.513578454446277,13.48943424352837,-16.415451195872908,48.39266404323377
2001-11-05,-15.521659254809645,14.008826777987085,-17.526417104902887,49.62842708207368
2001-11-06,-15.125675543401993,12.424076577724618,-19.53485449284509,50.46252680819686
2001-11-07,-12.855855639921167,13.8015323858027,-19.48969656647464,50.39615575821725
2001-11-08,-13.021782739370298,14.668271591330086,-19.67247097758785,49.723822531184375
2001-11-09,-13.534901611956105,12.809354534807493,-20.44976331097182,48.2000684411629
2001-11-10,-12.662528944832703,12.464468842894451,-20.713847416983405,48.537105573128905
2001-11-11,-13.773584688884974,13.562527409684762,-21.26008814696145,47.775995400044394
2001-11-12,-12.073656863118533,12.74198281683461,-20.367499023603088,49.00938053310712
2001-11-13,-13.919654509164243,13.379267801165328,-20.214697213256276,48.567586521591785
2001-11-14,-11.779493401479192,13.810442107974888,-19.37872646329288,49.30628334452043
2001-11-15,-12.96644334749835,13.454422431567371,-18.57841585160692,50.383029836088035
2001-11-16,-13.18297890323549,12.75967810259441,-17.99109914235767,51.69781308887534
2001-11-17,-12.657934583634994,13.897745193534845,-17.274483221452897,52.615107413420276
2001-11-18,-12.955491049833727,13.306307261759422,-17.31279189820802,51.76537918629633
2001-11-19,-12.580564546297985,13.958808687824849,-16.1339999190792,52.02378079517265
2001-11-20,-10.957163088161042,13.39050782172814,-16.404639617864884,53.002112700295854
2001-11-21,-9.948753877286999,13.843910798806395,-17.317003269950327,53.44783707370345
2001-11-22,-9.235298665734296,12.18858336156659,-16.8389097333689,54.60533760640207
2001-11-23,-9.171516334196626,12.73405608707431,-16.73763549949986,54.68475805726803
2001-11-24,-10.106932547478609,12.383573826046426,-17.681613314009738,51.730641808381264
2001-11-25,-9.924940902428693,13.162252236827928,-17.591806710068656,49.932154907925394
2001-11-26,-10.815096824176074,13.14346625347532,-18.134423790348055,49.373679428778125
2001-11-27,-10.624605664352263,13.251782809545764,-18.739938490870685,50.03420578795815
2001-11-28,-10.190295557956016,13.82502509402322,-19.827460757806374,49.82090975483067
2001-11-29,-9.92636725794946,13.61439514228392,-19.553929161427366,48.4138378589785
2001-11-30,-10.219894625788092,11.926212166181823,-20.032863577515755,48.585659669157316
2001-12-01,-9.571846514111753,13.046035420924454,-19.946807376964593,49.71468645428211
2001-12-02,-8.756700881635826,12.396416869918028,-20.10142451088193,49.50722422490317
2001-12-03,-9.746315911793257,12.854568077304192,-22.208110710544545,50.24090353355244
2001-12-04,-11.018707071126656,13.46887995077631,-20.111607581489828,51.513068103592424
2001-12-05,-11.938462376923518,11.729095800049226,-17.9159191746964,51.49898504309287
2001-12-06,-12.339813755360314,11.717766075096614,-17.26000372513904,52.37501802043929
2001-12-07,-11.084640200295944,11.717157010977811,-18.015774870137925,52.87878871942202
2001-12-08,-9.427142033082141,11.93907537916339,-18.812219141473097,52.2528901593063
2001-12-09,-8.765184948331825,10.131326325277549,-18.155859405153343,54.623116552238365
2001-12-10,-9.015187434020035,9.362970989787769,-18.51659749154922,55.19333888820804
2001-12-11,-10.184154713510406,9.229193418367586,-18.589281964914694,53.73541737951578
2001-12-12,-10.065172722255124,10.398156328037597,-19.65656224615837,52.47829135452968
2001-12-13,-9.78927223254551,10.569327441291232,-19.2082900225043,52.189347445947924
2001-12-14,-10.572857665177256,10.64251277644286,-20.05448022180369,51.816996366162144
2001-12-15,-11.036968298783057,9.77598843761658,-20.923791108647062,50.06179922051828
2001-12-16,-11.466047901990304,8.090548390704685,-18.786637160924677,51.95982739498709
2001-12-17,-9.750394789624753,8.753867493841913,-21.332423671295334,49.84598937898929
2001-12-18,-11.456971705774745,9.186797245056846,-21.045287535388244,50.31205258436099
2001-12-19,-11.099439610475343,8.15051709230124,-20.236225475498017,50.55751006677457
2001-12-20,-12.100915214186497,7.239478862588489,-21.105289748281272,50.0797836459069
2001-12-21,-13.660251936378078,7.04731472631217,-22.370159674248917,50.88469985431275
2001-12-22,-15.49830579474944,6.47054861622269,-23.150325846696635,51.79793564068761
2001-12-23,-17.00041665054063,5.432567576458291,-22.344049104310233,54.23224409703927
2001-12-24,-17.385378851184797,5.927021813456631,-23.13101241761307,56.93516244082804
2001-12-25,-16.90951426188804,4.538642257176873,-22.539048728917532,56.26249248560818
2001-12-26,-17.245359561219434,4.582735864194498,-24.66377318350973,57.36112924582255
2001-12-27,-16.8571888919911,5.171805217674088,-24.256861788421798,55.78824595225712
2001-12-28,-15.074266919954088,4.468994628188566,-24.212955869190882,54.87716270086742
2001-12-29,-15.898248805498351,4.150864842603399,-25.279327200731586,55.61033149674479
2001-12-30,-16.940660800182783,4.61477783980983,-25.51352384451836,55.30282695811018
2001-12-31,-16.611753879328774,4.850867590096836,-25.176552188840212,54.114036083422896
2002-01-01,-18.42948810798489,4.958150745756743,-23.85580285895194,54.97600148890495
2002-01-02,-19.47219889394488,4.33158756232083,-23.438973207252992,56.69249773921965
2002-01-03,-19.261088800961414,4.306795611933515,-24.027267292357756,57.485207320200395
2002-01-04,-19.758303904057588,3.829856108424242,-22.18505070193332,57.22854481148254
2002-01-05,-18.803413666053654,2.864355890934649,-23.845671987089183,57.44370075672028
2002-01-06,-18.07297542589873,2.669821115436625,-23.78310846519285,58.603643045506686
2002-01-07,-17.498555344256655,2.5948930985280683,-21.11240932378905,57.698486925756605
2002-01-08,-18.847274194047632,2.514069688044033,-21.54815716049965,58.58278650365606
2002-01-09,-17.745442897714323,3.523236047796474,-23.972896447305114,57.24049206502866
2002-01-10,-18.043119560486787,3.431450996732585,-25.113650790177658,59.15488232364192
2002-01-11,-19.387638692700772,3.7657666284360403,-26.351912428224562,58.716996901586114
2002-01-12,-21.545022889858945,3.2815448666985048,-25.8277977312848,58.507354994331955
2002-01-13,-22.764717604584913,3.0309628650680405,-26.891385353060905,59.346666191876395
2002-01-14,-22.784247481686613,3.6755172641586036,-26.05430760353571,61.59359013577136
2002-01-15,-20.684424544143646,2.6753493495556016,-24.837357176308892,63.2267028847894
2002-01-16,-23.275246569141018,2.4836543856672186,-25.269165242066265,62.6313022396112
2002-01-17,-23.240011764155085,2.6213985906110264,-25.89524681785286,62.618491855181226
2002-01-18,-23.366360943008303,3.0700398237284174,-25.737748646953886,63.52390081678932
2002-01-19,-21.928503777820744,3.494610164316321,-25.092989227684065,63.015946892972195
2002-01-20,-22.463405177942487,2.9436965433927496,-24.781596836177933,62.34291809115232
2002-01-21,-22.26660557463572,4.5216044553385535,-24.9230746880468,61.73003293037093
2002-01-22,-21.962985191947322,4.784422910897875,-27.00061485725403,63.08918410440479
2002-01-23,-21.506500045407606,6.373276373914535,-27.91025333298954,61.744306562345436
2002-01-24,-21.08532713576838,7.183629942341114,-29.059915527465648,60.940314982167955
2002-01-25,-21.44367839452084,6.595241550352274,-28.494207729545145,62.134680122295094
2002-01-26,-20.59051693724776,6.619036151717905,-28.719157156236864,60.9426544174132
2002-01-27,-19.317201001757134,6.766867899471481,-29.188378415332505,60.291683223783615
2002-01-28,-19.0408996625477,6.279923191318444,-31.612763119770463,59.86802293739683
2002-01-29,-17.018363521690006,5.006952121693239,-32.280395327961486,61.1059445519727
2002-01-30,-18.78693130866629,2.8616184094052066,-32.131186829109936,62.109164385262666
2002-01-31,-17.92943946998778,2.1669807463007804,-32.30073701014805,62.066644886233064
2002-02-01,-18.800501026379546,2.4536457011614314,-31.03170772393389,61.71298406188549
2002-02-02,-19.791721682006777,0.9390817556646502,-31.76673044497336,61.62493408139882
2002-02-03,-19.398766756304756,0.5170205950506204,-30.651818826514123,62.30400650937227
2002-02-04,-20.937727477943522,0.7460331951205298,-31.318885817780078,62.06975907056956
2002-02-05,-22.822136893238525,-0.062314698069586005,-32.34683662386027,61.73876289042521
2002-02-06,-24.393043157249224,-0.3917610753434484,-32.44014350588413,63.557982169176576
2002-02-07,-25.398938184666974,-0.36447193925128485,-33.83267101239282,62.483658645079124
2002-02-08,-25.397852153752847,-2.52987884270802,-34.33830000943246,60.98841632231081
2002-02-09,-26.506186665692734,-3.543599940774194,-35.924888272364,61.79705122798451
2002-02-10,-26.5604981705303,-5.762891620909164,-36.104694488980854,62.10997152772681
2002-02-11,-24.281146534341723,-3.4864234969886674,-35.131556372519434,63.21640007049299
2002-02-12,-23.395647587942886,-4.167154775831914,-35.356433495836264,64.05884291578495
2002-02-13,-25.937159710729112,-3.673759082879898,-35.35965854427085,64.44905484334618
2002-02-14,-26.345165387053257,-3.049729077224015,-35.91401187746255,64.36815792656436
2002-02-15,-26.67946235915285,-3.4591382110951727,-34.74882989139265,63.047604822557645
2002-02-16,-28.587095835002017,-6.302847006210346,-35.69051584863383,63.22043907893764
2002-02-17,-28.849149363093378,-5.68967642231227,-35.49978223394973,62.35829669544322
2002-02-18,-26.458846921999772,-6.178572039586058,-37.65226290521051,62.32710584904768
2002-02-19,-25.150543564445822,-7.397245867625411,-36.38638614025623,63.48532993556374
2002-02-20,-24.467138257957124,-8.266252963630336,-38.16375984888208,62.193800074013616
2002-02-21,-25.130224943723498,-9.135403529538975,-37.83650844057334,62.85860807091226
2002-02-22,-24.866127854581855,-8.923137893866942,-37.87636719429812,63.30394990791995
2002-02-23,-25.308931748943603,-10.27945367791944,-37.103746158428436,63.87944094190061
2002-02-24,-24.7447065988551,-11.184967382534424,-36.62543920876679,62.18511198690802
2002-02-25,-23.538106339479324,-9.617779089520706,-37.90712915744833,62.3038505447911
2002-02-26,-20.26358732661992,-10.108239564638348,-37.71415486745394,63.11486447008235
2002-02-27,-18.641960857775047,-8.84563720301048,-37.20560372246364,63.98479010426917
2002-02-28,-20.601319388505786,-6.866433045284979,-35.99049057881256,62.752124044264306
2002-03-01,-19.064899730299796,-5.706878816309262,-37.66812407566402,61.709866867508225
2002-03-02,-17.605203561438508,-5.907007530735128,-38.58306358426096,61.55083403104339
2002-03-03,-18.024094447637484,-7.044435258569948,-37.608237354704606,60.59600652528678
2002-03-04,-18.089686245929116,-7.3113855236238585,-38.78089624028984,59.47110470664813
2002-03-05,-18.57385769618954,-7.447333752936157,-39.099791728492775,59.18531273898988
2002-03-06,-18.562549925751657,-8.718711704489667,-35.504373406998376,58.00634174238778
2002-03-07,-19.245022783482185,-8.419139085311345,-34.602798671982036,57.86411308918307
2002-03-08,-19.283244079161964,-8.668327187062436,-34.88690099116459,56.06446473449295
2002-03-09,-20.429444267968975,-9.71841872955533,-34.623568057661224,55.31168563134869
2002-03-10,-20.46936501045341,-8.85342429075486,-34.65565086131373,57.3885137163645
2002-03-11,-20.405480026975578,-9.198330284735638,-35.32661067309856,58.27351587656982
2002-03-12,-21.361460877012416,-8.04572614888277,-34.015657015661425,60.36617822859147
2002-03-13,-23.57915821514677,-6.155779578675582,-34.75732442569857,60.65647798631497
2002-03-14,-23.855586319718036,-4.004897879414049,-33.72231502312891,59.77319788531213
2002-03-15,-22.046321606034994,-3.776089396261712,-34.565789923197215,59.99000159600662
2002-03-16,-21.876623633888773,-4.063750451287579,-35.39131581239989,60.31582523251956
2002-03-17,-21.762865078646616,-6.207268527007999,-35.899850611829144,59.63374019769772
2002-03-18,-22.07367846257844,-6.2944609177059,-34.36664615908491,59.67442449639641
2002-03-19,-21.657825443686974,-4.699949041786799,-35.849702893459465,59.18273909705086
2002-03-20,-21.409657269707285,-6.71947057026817,-36.722826789447964,59.54829278186981
2002-03-21,-20.72759441957525,-7.188247602690613,-40.457406835367074,59.905142007279096
2002-03-22,-19.92906191891858,-5.780990117852084,-40.470540733566466,60.60627543691294
2002-03-23,-18.849262472362593,-6.029373821626169,-40.97535256992719,60.53715450072762
2002-03-24,-18.727939684008856,-3.9120667130693794,-40.475440437970356,61.65944525954916
2002-03-25,-18.82444056800669,-2.421318878832557,-40.4216857042928,60.524758401394095
2002-03-26,-19.637449882774604,-2.300316864525326,-41.06508551039177,59.89827170087824
2002-03-27,-19.082212233621654,-3.114539105614938,-39.60785156760377,58.462771974814
2002-03-28,-20.153883849554326,-2.451502061698724,-38.78390078788301,57.757964163334265
2002-03-29,-18.18680131891726,-2.6280840000149785,-40.141070826084146,57.39717463500774
2002-03-30,-17.818397438288276,-2.7939395484295173,-39.249057817604736,56.44629811735422
2002-03-31,-17.29138321665691,-2.0512592745707443,-39.878856503046734,56.65355345416075
2002-04-01,-17.97820391761607,-1.4711288833942109,-40.731503099780014,54.55771976162023
2002-04-02,-18.390515776785985,-3.5617350739804046,-39.76182117326603,53.16352450868299
2002-04-03,-18.188449593964318,-2.9631587409933267,-40.46705012048806,51.71054223857099
2002-04-04,-17.77102864183397,-2.2204318942222474,-42.95350720881162,50.420229479343156
2002-04-05,-18.178764409284938,-2.2901613882109473,-42.31636573284241,52.7086779628272
2002-04-06,-17.103972807462245,-2.5002810127371466,-42.818014289907666,54.66211612652149
2002-04-07,-16.391660953927847,-1.8955387218513553,-42.57953308178562,55.583882260491805
2002-04-08,-15.460618179217578,-1.7255021650162283,-44.219586062378006,56.127204578264255
2002-04-09,-14.51424471913515,-1.7432706778616454,-43.15515926599673,56.506958701748765
2002-04-10,-15.845238868633517,-1.9827372309154232,-42.85001622671535,55.71051574418789
2002-04-11,-15.740262066134797,-1.8139095398589538,-42.253965468239414,55.447070292374015
2002-04-12,-16.600786557092693,-2.295004490697376,-42.66616909580781,55.4439993124221
2002-04-13,-16.935313641969948,-3.6597090526888816,-42.7229644704125,55.216173888623565
2002-04-14,-16.6086754957912,-4.030582006286244,-42.10967817719642,55.381823368552304
2002-04-15,-16.7143659126159,-4.18724014502741,-42.64334215434437,55.0122017781773
2002-04-16,-17.01381030096117,-3.06321901935828,-42.32261474324755,55.89725707263632
2002-04-17,-16.680792820509378,-1.5080891617162753,-42.84488123750504,56.84886432428263
2002-04-18,-15.005130246712827,-1.8854268196453159,-43.63698900767218,56.143148678655685
2002-04-19,-15.708848784031508,-2.1418943871616514,-45.38353097406902,55.56362038703158
2002-04-20,-16.06294608132476,-1.82458139894233,-45.59283210185143,55.40263171393847
2002-04-21,-15.580911217324259,-0.3801283479003439,-46.66542607542738,55.86869682094415
2002-04-22,-16.344723857927065,0.893889982127017,-46.54014546807085,57.242314484877944
2002-04-23,-17.282908479894193,0.6249483164482597,-46.603663726960136,56.96896138780938
2002-04-24,-17.191930031287242,0.4635980263066397,-47.29064237420005,56.491193295446976
2002-04-25,-17.74841267828386,1.5496362844729796,-47.37546044824464,56.59703644645529
2002-04-26,-17.026177616725736,1.8283371113080034,-47.11149531293646,55.16783039384716
2002-04-27,-17.768112514118954,2.258583786683677,-45.9625858872523,56.05480673902293
2002-04-28,-18.386139925166233,2.1574338186135895,-45.79652896413488,55.10163239645448
2002-04-29,-18.964036819807923,3.119861943492672,-45.240846985201244,56.36285374169331
2002-04-30,-19.87334720004765,2.191365322827326,-45.859966453711145,56.78506106378106
2002-05-01,-19.13835130049072,2.406497040831799,-47.06470463046354,57.927158190349516
2002-05-02,-18.665507139569282,1.6525553984566868,-47.51257231628254,59.320095440227064
2002-05-03,-15.310183908444627,1.9860660096145988,-46.450181599528314,59.69478420772012
2002-05-04,-15.464992985089264,2.0356730753077157,-46.69677894101245,58.87640482595209
2002-05-05,-16.2027324877552,3.1660945416708675,-47.58976587322517,59.68171167996299
2002-05-06,-16.696456144494327,3.909734124851446,-47.278837266829186,58.61107148469608
2002-05-07,-15.84957347560886,4.358748553204667,-48.631955385757095,58.04098340929275
2002-05-08,-15.606249329398917,4.010226404747922,-49.949638604081954,56.503966258422345
2002-05-09,-14.999414070280412,5.549328179383918,-49.734389985513516,55.76597749610959
2002-05-10,-14.751805816321445,6.702027078526784,-51.63623564292475,55.43860257793706
2002-05-11,-15.055569971109405,6.501512964579556,-51.96033705020871,54.612517611586966
2002-05-12,-15.582146523313513,5.341182588259511,-51.931543526286745,54.97740978127154
2002-05-13,-16.118857061347484,6.419359295187225,-52.99612290675626,55.09682098587651
2002-05-14,-16.04005058410835,7.1065295847514545,-52.990291510114695,53.541933813018424
2002-05-15,-17.973765617971274,7.127054314263602,-53.588932135718046,52.143566493676865
2002-05-16,-17.921779449258416,7.684684627681557,-54.286938286648635,50.23154020932943
2002-05-17,-16.933090278986157,6.864645254000364,-52.98087767697674,48.52155719373859
2002-05-18,-18.099890532669612,8.539254081291771,-53.166714182128665,50.155924499704454
2002-05-19,-18.786130776827445,9.346207279738776,-52.19766341440082,51.76664491841723
2002-05-20,-17.69642101022573,9.198228920576039,-52.32053729817483,53.394096378377505
2002-05-21,-18.20064378054513,8.985840565820194,-52.28524069590918,55.88141372362231
2002-05-22,-17.781766982942226,8.495746550128485,-52.304840649209304,56.8940654910407
2002-05-23,-19.19418224376766,8.697081667690568,-51.08822357238606,56.24027372664218
2002-05-24,-19.025852600963983,8.760432282197003,-51.459383619279485,57.33962400690427
2002-05-25,-20.791712674291727,10.237684193529786,-50.91238018431253,57.23125614219262
2002-05-26,-21.28996267909434,10.204352518655545,-53.20916052362766,57.44536478022139
2002-05-27,-20.544798737836892,12.169971899392888,-52.57743595354036,57.80202282609048
2002-05-28,-19.757119541831326,13.721183972117707,-54.59326102692053,58.114317006822716
2002-05-29,-20.107125757442425,13.439158867813182,-53.535978379614804,58.790608002704765
2002-05-30,-19.401436939219607,14.552186394270098,-53.344556893233054,58.556673341635886
2002-05-31,-19.408894261128687,13.105494125093134,-54.19974845024738,56.55603490147517
2002-06-01,-19.33685316503782,12.335447963424905,-54.64555515211999,56.055205252947985
2002-06-02,-19.330155850839805,11.958367421301041,-55.31341200945036,55.63411177993513
2002-06-03,-19.387095525147284,9.626167975811349,-54.905157140034134,53.996700390224866
2002-06-04,-20.205735550662492,9.7389551067796,-55.98696717479069,55.35169754924405
2002-06-05,-20.27679471763673,8.177757226385065,-55.35542145921182,56.76107786012128
2002-06-06,-19.639890235582484,8.808084557071263,-54.97514616800465,55.175054164977674
2002-06-07,-20.771291928449283,8.434779805654527,-55.72440414880362,54.330052844643376
2002-06-08,-19.200825754102972,7.2021522864526055,-55.13260289134596,54.08621932665459
2002-06-09,-19.582637190494232,5.855059121277137,-57.32131943470456,53.98851198410996
2002-06-10,-19.953853431726245,7.559046844885941,-56.36319600471769,53.20475624431761
2002-06-11,-19.591824152419395,5.988246659102574,-57.26452026902359,53.20216689853851
2002-06-12,-19.86703656382411,6.617916002004178,-58.584250176555756,51.617086228476055
2002-06-13,-19.53190823491033,6.418343872679658,-58.013169652126926,51.50408377235425
2002-06-14,-18.17560908339702,7.176477988303419,-58.380282425615476,49.65456888979802
2002-06-15,-17.359685740596785,8.269272061882075,-59.962923728886224,50.701000814663544
2002-06-16,-17.42183981608043,10.25459532836617,-58.86078542538589,51.162389687343065
2002-06-17,-17.583419079640255,9.729902079053618,-58.88175796993238,50.38769461704518
2002-06-18,-15.988966477922903,9.70061476786068,-58.46398364432375,48.95480481943944
2002-06-19,-16.59734488044125,10.0580694055229,-57.876671989907464,47.58779634295468
2002-06-20,-16.124521546249756,9.336739616856274,-56.9997896378773,46.96134751184001
2002-06-21,-16.50463397294422,7.8578047648661,-56.62681027342821,47.16331258509439
2002-06-22,-16.771617008295152,8.44480071652056,-56.317628627128116,47.28664109551092
2002-06-23,-16.96585111952092,6.514469540709031,-56.58244116885657,47.09424326449379
2002-06-24,-17.258077039699874,5.805177761305358,-55.82017824645585,48.8718833736127
2002-06-25,-16.546830656783452,6.300567088041952,-56.36744554447136,49.01398318323189
2002-06-26,-17.569664045959623,7.110815004744284,-55.834381146182864,48.52362524395629
2002-06-27,-16.139499474982546,8.43899177769536,-54.30074104997849,48.36079668114455
2002-06-28,-15.736596243961971,7.20082923558841,-55.9048131127421,48.7046296440539
2002-06-29,-16.2879607351459,5.49450483807224,-56.53179990104302,48.16205968342182
2002-06-30,-12.818002088836604,4.64407351217611,-55.707592132195344,49.381490616380795
2002-07-01,-12.882196795213307,5.405836958002244,-56.34306594146134,49.98833476434513
2002-07-02,-13.041639625950943,5.415046451730772,-55.80649138612436,50.28014263232117
2002-07-03,-12.488010966009826,5.899166499299475,-57.67630987261313,50.01338888596897
2002-07-04,-11.781517765502219,6.203281633355168,-57.94073314081103,51.46627372810636
2002-07-05,-10.689254558884755,5.131780439994784,-58.41097515175994,51.550533901791376
2002-07-06,-11.564874067128219,4.673002668738263,-57.22269484922123,51.927750759701574
2002-07-07,-11.079283322582373,4.464942420228563,-58.37118267659076,51.921254782349685
2002-07-08,-10.304414202997936,3.8489737099567867,-59.50410896836414,50.51310106385981
2002-07-09,-10.652803863438931,4.832439282516653,-58.58056570257378,50.916792665433334
2002-07-10,-9.93824568121995,2.9772334006749093,-58.14568240390694,51.493736475931435
2002-07-11,-8.883817707436323,2.430119096762356,-58.40951111607774,52.979958159854576
2002-07-12,-9.854190228591616,2.7013899084997868,-58.58194488004133,54.37090894008586
2002-07-13,-9.427237585534376,3.923889567944044,-58.06744911839356,53.9110153230072
2002-07-14,-10.394381717881917,3.3288595635090843,-57.66587860567132,54.79552622082579
2002-07-15,-8.35145415231252,3.283452295710755,-58.3747566258328,54.82880101820146
2002-07-16,-9.718003363541445,1.561635294703478,-58.5494376910411,55.84154722836908
2002-07-17,-8.487329705628767,2.5500180118239664,-58.388249408903846,55.90079072456624
2002-07-18,-7.6499610653550265,3.646963887710002,-59.81503744110262,55.82463124227051
2002-07-19,-7.0738174855529286,2.9231410702419645,-60.153175855172066,58.06473181650458
2002-07-20,-7.327647242391127,2.1049391121263183,-61.38463203793884,58.17731809350385
2002-07-21,-7.536928315773714,3.418256270556056,-60.139994404769645,55.151861216707026
2002-07-22,-7.852312901594739,4.052244403448055,-59.152651439543696,57.16555940959261
2002-07-23,-7.0591171133286785,3.398566961776831,-58.38732960762606,56.63459023763137
2002-07-24,-7.20841568369415,3.135692700704141,-60.111436099685754,55.950882196670776
2002-07-25,-6.959160476755643,4.318943961411933,-60.32954603700375,55.25013636446403
2002-07-26,-6.366748246909925,5.587930676676123,-61.2689546154588,55.075612414417144
2002-07-27,-4.66626330574916,5.7974013891961675,-59.40822393497562,53.58125921848373
2002-07-28,-3.9591863458235483,6.4802843163361095,-59.65847475578936,53.365431004395994
2002-07-29,-4.934263296566961,7.20551835941111,-59.03827430613459,53.743903846993
2002-07-30,-4.161135805736545,10.014204634046262,-57.94633268054524,53.353987569473674
2002-07-31,-2.5958784994815804,10.85459619071452,-56.51560698340546,51.55737974863611
2002-08-01,-2.291884475745849,10.061402792783506,-56.68286256661534,50.81716369988362
2002-08-02,-1.154677277864262,9.256396744873873,-56.216241374693155,51.33557741495812
2002-08-03,-3.2686965371815146,8.720445371477382,-57.58589240041743,50.647221470167246
2002-08-04,-2.3754262319404282,10.527788721245528,-57.808858065065024,50.981589638385316
2002-08-05,-1.2010892908702517,10.491314370598236,-57.52452221290508,51.06825773203663
2002-08-06,-2.043500825416528,10.88795937482919,-58.93647598543039,50.17194894878395
2002-08-07,-3.58382660601636,10.383759393493824,-57.58870447203568,49.65985256145795
2002-08-08,-3.1094371208560947,10.052286162231015,-57.72234810364447,50.458217076348014
2002-08-09,-5.37703786929276,9.940763265587753,-57.87808891385181,51.32525097869784
2002-08-10,-6.775672474307996,9.337396109787178,-56.74513477646328,51.46795290708882
2002-08-11,-5.4923760769585535,9.243743573403371,-56.42210695055009,51.497870333903414
2002-08-12,-5.73792806607189,9.61706980954625,-57.76615366332508,52.26554132911249
2002-08-13,-5.467093787961677,7.571827445593323,-57.21908162980074,54.36943130241379
2002-08-14,-6.871245220968763,7.574886681344021,-55.27107491770755,54.23238075471926
2002-08-15,-6.0071259327742155,6.426391114501679,-55.640576280693224,54.41605948895189
2002-08-16,-5.44641369309478,6.014071508015137,-54.81771957279613,54.261422020678516
2002-08-17,-3.7604739316678133,5.971316800766874,-56.824512231132054,55.76075703813451
2002-08-18,-3.605461079403585,4.766715066546798,-58.2636577814767,53.67323299306294
2002-08-19,-2.3207238158434675,4.48056992428526,-57.8891158095221,53.32585460414434
2002-08-20,-0.6261598006683755,1.7827505512224682,-57.10409157726567,51.82070656477847
2002-08-21,0.4625441470099385,2.5058415476024876,-56.04268545334881,51.94530943543445
2002-08-22,0.6914915852623251,2.2314636488265394,-56.65581974477597,51.31407923242444
2002-08-23,0.2050668705844732,1.697275996210539,-57.98240925484004,51.37932081594672
2002-08-24,-1.159207307299894,2.273144097772679,-57.2345636059183,51.78431432506498
2002-08-25,-2.1381470796293773,1.4247650142117834,-57.21979874517895,52.539288898543106
2002-08-26,-2.9665086678411257,0.1624835285737578,-57.810162693677015,52.89996837903979
2002-08-27,-2.292082267783213,-0.675861164794947,-58.10316229578282,52.72069048575115
2002-08-28,-2.0315507235182806,-1.5060194593875236,-57.81496857790726,51.25338861831986
2002-08-29,-1.5911404709516015,-1.512665228440682,-58.860906220131234,49.71320346031426
2002-08-30,-2.454938344225596,-2.7262768749795754,-59.23116011021512,48.05555981200191
2002-08-31,-1.9454751738765124,-2.9670396592010615,-59.43001448371577,47.60194525459629
2002-09-01,-0.994719195582855,-4.740061803883583,-59.86858742305851,49.877190888372425
2002-09-02,-0.2195822608457696,-3.968486077995498,-60.048888028303516,48.66706892039913
2002-09-03,-0.7323065389843828,-3.802242898551088,-57.6945847207632,48.25474862779747
2002-09-04,-2.579333213726792,-4.059538341753978,-57.70365064530051,46.959004618748565
2002-09-05,-2.4359876557597606,-4.6354408170154695,-59.2065796655564,46.53362188722165
2002-09-06,-2.7412333514942535,-3.311952720970481,-58.19775020105529,49.20870738354805
2002-09-07,-3.397158612002838,-5.385087879493586,-58.007636014697326,49.55949606211473
2002-09-08,-2.7697546624015783,-5.611846598367466,-57.993440133412854,51.14656503634596
2002-09-09,-2.1971628737582964,-6.919015523519334,-58.46049999045668,50.79838330462449
2002-09-10,-1.9250215065010727,-7.275995047715453,-58.76370202014844,50.574080600961686
2002-09-11,-1.3523977040318353,-7.711071997391311,-58.06317431127337,49.5401419658248
2002-09-12,-0.6124555349812529,-7.244882198561607,-57.891189433170005,49.878708658575135
2002-09-13,-1.1855781053712855,-5.668509853892768,-56.893903410670006,50.068951940018195
2002-09-14,-0.8622023317431838,-6.482174315150004,-57.10421173802794,49.77147736370128
2002-09-15,-0.525638535562833,-7.199879379604655,-58.75810775136837,50.475655319572226
2002-09-16,-1.0711161485892005,-7.50572739045498,-59.704510043011744,49.131626388330695
2002-09-17,-3.1664989913118786,-5.481307578088245,-60.09869787448588,49.15480423169112
2002-09-18,-2.760356801316239,-4.255327504486758,-59.33661029165641,48.384694120214434
2002-09-19,-3.0170246995520094,-3.350159371899739,-61.6961421652874,48.709866730099236
2002-09-20,-2.427863256625047,-4.113421936148041,-60.693237121727456,48.87586548019244
2002-09-21,-2.582096191609819,-3.4784774426164606,-62.04407397491459,49.363860791419214
2002-09-22,-1.4849662875929528,-4.906156899331242,-61.73002003415604,49.179879871304436
2002-09-23,-1.0799710930979343,-4.812994552864831,-61.30804542919018,49.29126866999052
2002-09-24,0.11397888477787776,-5.8623990597812945,-62.238550402305876,49.28279409715807
2002-09-25,0.4623370979686508,-5.751059339927572,-63.35189091130848,49.93720804456556
2002-09-26,0.30810637862303725,-7.280220130637505,-63.163157940131235,50.77845822934264
